618755,176479,751210,900091,750239,493880,96117,560964,445652,869573
360244,75691,7620,277475,528794,195194,215731,369846,919322,372256
149321,662754,733857,415887,818492,900120,308146,600250,231117,834448
207422,887413,130642,482285,773731,136691,489352,210703,43161,751674
268007,889134,169432,693055,513163,50808,578533,13003,523849,986716
370071,644006,55755,808054,634005,864114,304507,802195,452010,837633
213080,9117,409545,733542,32284,347839,661206,36540,465680,349816
419276,181591,33732,253719,845700,779720,842857,328774,900158,280881
571655,44352,166428,998104,273431,165973,895608,687152,334135,806346
519955,624971,625126,670346,268816,132794,309419,311830,351347,796612
401366,247363,927676,90301,642228,90988,339696,63440,476619,141215
842489,891268,363168,298517,229304,663566,487896,152236,645829,902015
701140,38939,754569,901956,754275,511991,370426,442074,659068,962033
830331,47626,175853,765543,162229,255086,623876,741036,832786,996913
750732,612937,134630,53474,45952,961564,497388,311859,856953,185921
681055,375213,981633,289852,645534,142317,881019,125677,429678,946932
973588,160709,812691,77601,104770,776160,435881,719649,536585,542568
730341,357269,120310,521159,820331,398205,79522,541716,940638,478068
745155,734997,597449,921433,105566,653533,821258,127134,941678,218259
293181,21132,277282,583021,916805,269949,726575,697752,295509,461892
853058,514318,867467,163350,327878,848988,191730,966558,657778,963950
798164,136462,392625,711072,669797,175712,614455,478764,995271,959613
988964,630155,79769,713232,491968,856223,152203,62068,476823,637427
348466,607073,179760,285071,688396,238645,377043,999747,994401,369910
240936,758317,237193,259708,603926,591430,446396,648451,927782,983042
557934,996582,955878,610239,613408,834074,48007,716586,331836,563802
558584,25768,679173,773858,316762,974389,665025,523252,870601,523466
915800,888702,964309,240456,631704,349320,423073,79222,450536,474840
437547,85100,566792,7533,577334,395043,462855,116933,660641,421520
629622,377167,418197,130175,371332,739144,663416,738912,68395,564306
781646,144,612725,228197,77922,676461,540785,575881,430925,244174
376187,419990,392947,931142,580990,271637,987081,583591,624147,609533
351155,36246,125783,666886,171058,164816,433594,21854,253967,23777
544646,581677,863558,15020,9216,472619,709138,499695,956521,226182
51892,450723,475813,793449,329289,327675,196759,801368,888723,921150
984972,701831,823279,420197,762074,949658,433112,167476,401686,557861
360393,202396,357480,644147,570289,359026,600128,593663,387702,867180
388522,992905,19119,204909,331831,692169,603445,720966,315117,113118
720494,793144,5301,163508,214230,255859,825312,561453,390459,397436
405746,853333,688810,282179,216968,904814,246757,894570,299839,228235
815481,669036,373620,22063,474104,153589,18022,171013,733745,224782
747685,656123,996680,522632,5186,350746,27123,956323,677463,752735
793044,480089,962451,618595,920680,45427,130458,214171,306370,232058
899815,292494,384238,355316,38217,899054,211039,896800,511808,427198
215816,771329,195371,126104,192652,217267,169344,64244,125757,190795
240237,449651,429930,874613,636195,430171,954,706729,30057,588336
278267,512765,457227,725313,449146,331188,374841,95580,808454,803543
863504,516255,965125,263494,295226,659371,968755,755152,517064,665938
942030,24072,395397,508494,46301,43604,26639,406935,85940,352105
981956,881427,220916,235487,540327,439617,647600,301129,330870,812770
87147,229165,189932,699297,260425,138010,654435,147695,645803,946484
20827,383973,836042,837456,969549,704124,914047,311968,108713,687270
29211,344957,255078,234665,402856,627954,542673,361062,41521,263325
604897,466257,721398,359411,676487,314029,145349,102220,797557,779995
769501,467898,331836,794649,209078,214466,477418,198142,852619,73209
923993,866556,588695,753523,744932,548327,471570,916161,412219,908787
758388,726107,424918,87389,870533,557269,960112,374689,626664,234260
633602,78862,744960,538380,49519,247191,768700,223768,93848,158042
810674,18447,878845,748242,805131,689237,981900,540779,889580,939527
712275,728891,354539,595603,903688,467385,168175,679499,377705,640678
672687,983119,1707,769838,190797,554553,491814,949709,292847,139832
257345,657496,425060,174976,420725,963665,626682,621113,318125,331997
209961,833233,383269,538495,394820,686690,405011,46273,690615,643153
894461,421171,323831,572881,34294,274435,473126,547308,714547,987160
242302,512860,145448,471443,694860,794365,530891,945984,544005,743034
443534,10708,459968,527466,947886,766363,197064,298225,995215,841461
687555,992224,472267,718907,998630,527606,881671,504757,815818,739561
93958,994746,946305,833583,310140,230934,262916,162788,606542,207733
883978,25343,897628,320807,130464,204167,452360,153432,656209,891861
720019,978411,183246,554678,430212,152624,994239,449588,770668,452999
446855,165948,627062,881767,599472,747414,318005,650304,251243,382094
980878,588522,901416,108067,53112,817406,229529,485946,702485,650742
833873,618870,229579,100352,138254,470134,378454,700029,117276,581625
711895,395086,713944,353584,8949,289340,531446,344757,394048,576324
285681,460141,811642,4415,348742,283392,378153,658617,617181,784418
503470,168092,988008,193998,693673,175813,255380,382521,829196,637654
73797,722877,337049,413538,421927,733813,331846,921192,982674,645507
270180,946251,105075,248253,939564,699519,821895,249315,666639,33548
219366,446672,994182,901168,816151,349835,727993,294894,132549,819660
252608,915667,934143,415027,745551,737195,144364,59900,613446,929552
492271,37576,941915,466915,236559,481731,581770,485364,813639,494967
365473,213182,487270,981090,488844,70604,653669,807874,51251,84600
933782,198793,130644,494289,51659,181916,192214,137750,585571,299146
713597,10165,180687,436772,778036,93372,572145,954314,639225,829315
606724,291422,894206,612529,429317,650027,210545,380942,64238,834530
126839,838613,62519,389080,315448,487950,940485,363656,169565,565233
472731,314574,528030,749838,285728,907598,334675,940760,902961,853191
493822,100931,66359,877076,714636,687899,554315,549716,600113,829682
794799,180561,941367,714397,539963,342409,616135,423916,133123,405819
323603,873800,813794,677689,662332,699037,844672,356621,887565,642620
663453,821653,61076,986742,575027,679518,761672,984554,676769,8400
594705,158733,369311,648523,10072,481880,541934,848869,107037,606892
332377,157679,547852,707923,893797,220624,47942,469658,468503,892395
987916,43871,305638,649119,463581,880605,338715,468864,869208,929643
423089,214338,226818,576046,62536,372242,796010,956594,480260,997510
738657,91423,317017,344860,151587,118682,401265,970672,473423,528903
162324,458038,472039,679555,468227,234573,779904,912210,284209,290237
980626,406005,597627,221047,225756,109714,793802,231869,390264,494228
413431,147302,953239,880878,917044,791104,113358,782694,638983,376213
820397,954615,785208,686234,869579,634681,467297,823861,390268,108878
323613,199379,285866,61319,827668,250522,178401,348535,63364,83847
582485,516227,52274,331260,471299,564791,479922,741404,885446,431673
396155,872891,66591,174579,505810,420737,862171,172230,315243,159045
472021,819080,191756,272366,287609,997288,772060,975412,986759,655096
467229,166528,849124,351468,978877,763372,680234,418898,81008,136331
655232,265864,32389,489379,248827,854793,622831,562664,990885,117519
795397,402345,918615,472498,218669,950077,805338,948847,295817,259713
942261,801449,113589,419699,591186,430422,884209,256172,754741,303543
419452,764369,615604,638790,557466,704252,969100,786768,254968,265435
746706,645969,373545,305425,752036,660996,938290,148131,863195,509047
69420,334770,41589,106719,330150,112437,715919,695954,720226,309736
289638,511588,824819,771335,762769,518586,976299,870446,453394,653779
384448,450493,588603,888617,524065,160358,707677,149627,838784,346308
768989,907926,113648,693397,158372,415601,740965,403368,203789,819062
465686,44937,236677,654208,514890,859028,324812,94934,445489,527563
227150,64710,782555,558664,994804,806448,928765,137764,482981,771107
894729,809494,658655,618251,175151,229980,141359,101245,180869,255637
868239,657730,249033,652773,653714,854152,544269,873472,845097,965252
278609,833288,793117,111103,929762,858209,767704,737942,667211,677006
526972,167139,203472,154291,880423,56527,509726,627110,184206,800165
891836,865837,742642,822884,870540,203219,649538,107144,218681,605083
910435,960072,170875,124273,577634,487867,296146,967496,996700,951464
466070,469641,467133,981038,791729,277002,980717,226892,763460,879467
209064,9077,837974,114259,58155,308194,602298,226176,673699,56293
921692,326807,103308,992338,161447,334425,92186,613709,854958,757752
851653,288624,673255,133317,813828,826693,472799,85924,766199,158643
674346,547095,478366,350449,231371,927303,84142,58991,968117,572061
835142,702222,43041,770126,56091,677007,151349,782506,433718,318107
317745,113495,226317,201480,891193,779295,164617,986299,549596,890022
399977,72475,11836,799364,467321,142441,54514,16494,309273,219226
515781,132409,586486,999117,955301,871719,742672,774135,877926,887674
249933,900857,280020,674779,65040,773696,2861,339300,178107,547497
845634,442944,338422,220327,443526,96036,998020,874431,972013,594507
332679,727242,534119,785421,212274,847810,807305,709967,408111,861680
391692,828597,927245,206186,704415,653111,132581,807878,616895,453584
550498,730189,886618,63451,411548,606100,587348,389759,988811,654001
598285,121938,281242,27087,107730,251184,92432,376438,324023,234033
58217,298123,700061,174404,326518,251376,993899,691990,808330,775295
716166,73796,205430,839262,871708,559042,487603,284280,306306,235549
599929,695924,504353,332963,900965,920257,35383,491952,159923,907304
880541,652314,625675,881352,610408,266116,818510,254781,716704,614792
751387,794936,597264,689772,960810,372913,669912,186800,299961,677436
711014,954579,834951,182888,57363,18263,393114,925117,914928,972686
753413,729984,426856,133494,783905,373088,349398,330835,67195,58552
297054,768650,209100,581757,611784,699584,581679,858374,613481,639623
544251,934233,33038,319128,599003,432956,53205,570836,980872,884404
530962,793411,400364,272558,455319,279985,801735,34609,659528,765687
878149,23367,874914,820861,354943,530580,140156,529332,625840,97889
450978,399597,991654,288491,905589,595316,764169,610280,403950,835648
593894,425530,311263,288697,771325,133070,201855,857248,253697,447725
875000,62909,731168,685095,707737,374069,903801,140289,737585,735080
305299,567545,432332,46099,482122,115130,887798,336538,731503,698684
868057,58842,609924,951397,312675,644350,983770,676112,208351,12522
396105,265501,939313,524991,48668,118314,701018,463476,528598,45321
160764,648657,432541,544588,223578,43599,542759,628502,245394,386338
841012,1027,127841,600122,767416,428001,839445,825927,122882,620421
330114,96359,108518,203931,227463,476202,439514,91059,474861,881785
235476,457426,876212,659610,131652,143930,973396,715294,350741,678124
413279,340237,960884,941469,812084,182640,395642,825367,781089,905190
43581,570826,615275,83903,4859,327692,269407,943611,771863,219651
468185,679008,281330,282556,581134,969887,846026,585278,488562,639007
178236,607589,511115,144701,934951,36913,937732,857303,694807,346233
726594,694794,335111,386861,898898,781320,999400,418438,362706,274188
122510,197451,210012,937740,163760,610866,129984,500026,974288,100695
959369,66234,545380,582815,66735,140471,946074,841841,178867,531946
235650,21189,868530,116996,616315,275603,426082,782312,616158,733957
834728,748970,837743,90152,21834,61666,763630,13413,952417,828875
324259,116083,142540,887041,672407,431759,739572,240968,495947,831698
658196,323889,670586,345242,645538,722340,660529,624415,443292,267447
607448,135599,373220,614382,672959,56505,324416,367686,332359,140610
955500,979123,307524,204549,718615,614934,838056,1970,676214,581628
99973,639531,811893,953194,263896,752076,132749,74306,197053,145930
310716,812901,881267,242117,621274,317329,405938,332151,417865,815834
589529,296157,114014,536574,542236,928461,234511,757045,372974,780707
648376,149312,148030,306624,400165,447362,980661,161081,94896,882614
350406,473023,943422,675509,331053,616011,238981,876827,10275,394913
716920,911512,298400,370802,852215,355618,758782,556600,577727,214505
882584,278444,269645,461279,323280,234166,858434,589720,452713,630
31480,818580,232761,113495,985874,708226,265619,943292,465458,669361
968649,354600,963075,712464,578688,583836,724731,51149,965298,512469
666927,183106,860301,925570,929306,450337,263919,266438,40933,403426
971177,360105,792972,923833,253309,966106,209192,141976,594194,467705
651489,407933,195249,309176,95499,477877,481335,819057,177865,252400
791041,641897,990313,613498,762862,667680,713830,14659,343987,977051
861373,522292,109948,182448,395650,691866,227991,244433,523900,8997
304551,749852,834364,823422,538337,279318,232679,538598,104135,146742
41556,623294,709244,870517,144542,556488,631022,677878,352334,170550
667955,772336,265156,146112,570216,629751,293008,247310,649642,744872
28551,880812,621624,124118,610635,379990,579093,981396,688601,387111
816834,118714,845512,489515,743141,482499,913477,809489,80238,613102
399312,741188,123729,877843,714776,863265,319630,73014,798732,146347
346817,287544,207835,758440,279942,215008,316648,843687,617100,191327
180088,975781,406666,573691,421699,305103,183107,841568,549322,977529
749313,453070,444938,795902,394273,911236,975149,151772,524638,316701
775044,240910,963435,537921,226339,922476,902227,865376,328912,470542
809952,789442,756488,371758,8803,347344,977550,871288,235674,406542
985255,936206,336297,216317,553699,719313,182760,306516,530569,820499
864786,951149,514325,997952,405918,534857,285368,501255,701990,611258
214652,531881,501972,481806,984192,62666,695861,60714,532804,835508
882837,347340,846529,556921,15838,874781,632253,521413,682802,95332
485685,159133,999455,697463,297385,234375,285606,761102,420684,902883
998970,314029,676464,975387,743681,91384,399329,353649,565514,192131
770241,960066,893698,840593,331221,166171,609157,96812,174831,490032
821238,205266,739350,497761,248417,301017,304570,454778,565870,644540
683849,73495,434966,248963,620680,400208,617521,329763,830122,205168
693258,331666,595222,119346,54692,576261,942550,701207,510660,962966
898251,118137,196341,434033,465427,369534,254658,325345,394211,572966
385101,688057,459042,802387,696700,124240,471015,997788,112192,535341
454223,567223,722633,743265,908151,934939,356788,69334,62427,392497
20727,526857,133482,629187,143453,819444,698566,80296,525753,180458
726210,147432,413695,161529,839042,838014,572472,965868,999560,233268
389774,97172,212940,348567,223739,27460,248284,589100,769512,318950
681380,654610,861151,619425,255072,594948,756647,8123,590910,605662
806971,938241,452974,115749,767859,599285,697410,227415,750185,405069
71220,347749,372067,335339,110949,478017,945415,45036,251668,134967
535142,380959,37288,944631,444564,680478,693240,434562,240081,691892
94564,433653,640612,58716,508597,623452,819126,948988,282492,848783
849939,394206,994716,284854,898680,763966,952234,827346,741204,481429
511787,455108,482210,345235,329514,154919,16658,149072,54634,372381
288826,516468,816402,991019,490281,489952,311340,174004,207524,497276
214997,527029,118710,140883,441989,21713,561683,344490,940852,143952
363526,536397,644089,161131,43962,769401,711779,179007,547420,540965
477425,341223,811425,193602,875479,963661,840713,83577,801901,761733
70013,437007,100325,394077,135345,595656,859348,811596,856754,539965
723427,50910,585564,783906,317174,875386,863203,696111,170878,175041
337364,603572,750453,884942,398362,944310,812431,628205,493734,102468
336045,421823,219646,630544,594101,760263,203424,501530,684502,567834
134627,312790,382824,394278,231844,276010,700149,148808,260693,711415
323059,368289,792920,106640,316568,751680,121270,655137,100964,701992
30257,198233,265916,657059,571550,141760,569731,267218,373806,11593
369035,195891,894836,496159,288511,25861,9068,723197,16122,338045
245531,269466,779707,316174,886610,476621,344501,946673,235131,460011
823784,859188,711855,767837,534947,853702,914184,115118,760163,432174
13775,491598,289306,8953,983097,928399,734987,268542,791652,844583
403797,360944,810238,476218,660267,180466,289570,902976,879025,935756
949335,828643,437336,155713,641976,15003,944366,662274,515143,293028
619417,969757,669428,245942,302271,929220,466161,99880,234971,648915
544674,292075,243003,853081,186551,753405,620784,25123,37352,336996
842878,251156,65390,786765,593665,148135,995082,61424,464183,631948
305018,279079,773037,389058,909175,757650,25875,141634,136181,515328
906473,854498,632347,179437,341253,930004,356387,287327,146686,723193
953739,956335,266897,776208,702695,274538,663437,525677,38402,899266
99916,386854,147358,678803,57943,831815,649760,757184,890397,161925
923159,478203,566916,274779,549753,404990,974641,15929,84421,505360
739335,429191,382494,35601,791606,946197,213014,672735,237900,325754
88815,441546,497230,809304,202597,620352,411835,309353,840802,43016
158875,626395,476756,291562,283719,116915,548441,744152,429532,717030
43321,738341,661271,890751,52685,666560,269980,56053,399681,599680
316317,531675,26646,224507,22001,590070,235438,280822,65148,945305
438266,293719,423946,948935,540674,91635,914501,104793,187200,67412
80567,625399,395069,924552,925704,864714,592093,914047,719818,863684
430377,252316,481812,378701,817244,122047,705861,676983,283677,445067
532243,772580,99395,719800,523396,84995,184844,203015,305016,674758
529576,566043,848187,211720,46378,977356,25643,113980,885375,667313
660768,473470,758911,123278,518188,832159,172460,691821,889807,610907
742962,776246,111161,502585,805136,300683,469832,381190,773789,153000
711148,566491,32232,362497,165503,477723,238063,960318,197708,426379
268180,606916,155462,102419,481031,338106,702260,155477,86413,732093
750342,462526,428573,960792,37541,439375,283232,363892,49220,353776
746059,192883,428744,199404,552113,358281,318178,653355,521518,345848
35114,909508,388209,323497,431305,435021,976688,53421,705560,480001
844092,914430,636185,912029,253072,399394,292922,995130,941141,71504
908593,751622,601549,321285,928221,791766,822405,316477,45062,574268
309965,637595,900144,965015,343988,784419,432849,810541,530550,703295
683167,243416,107016,966158,352163,242316,38818,20954,678064,443916
317729,348878,895951,500129,565865,679564,199732,925183,769295,275564
887519,447598,585752,9399,979205,677399,228612,196855,547644,761732
761676,316188,413400,341540,477931,56583,901246,241852,298715,299570
737601,201765,618947,347172,414077,754206,532721,211364,419653,433832
962435,794868,394740,243521,517537,123107,642167,334455,891595,566882
257927,635668,385905,949142,852231,844313,773515,182838,674550,612617
625881,449211,832013,523518,500065,383518,689639,127297,594087,382585
950727,777857,54173,527559,523504,930822,788683,522374,438437,864619
132622,70112,193538,524637,405071,227670,581838,459480,234354,886236
850156,458378,252588,493801,294393,141305,446923,799036,541778,780478
466961,435764,217298,915535,991896,576247,733339,755713,260636,372920
851226,978698,56766,657373,143173,249662,419449,664602,98727,232943
579601,53542,458545,495916,497664,668363,810524,546206,16482,371353
594090,313379,873514,314458,447607,937608,971376,564440,780654,96458
519756,491488,234392,198871,595407,382994,112599,355355,5790,818591
481684,115401,704326,972983,945729,809291,897042,758322,682657,199485
813667,391010,283365,373393,748556,732886,162777,172887,503111,489841
969489,903672,811466,248634,260540,903082,613759,722589,916001,68668
898730,179774,916559,367216,632663,218447,260187,810549,449636,210646
788306,580042,51310,146764,32374,545371,72031,805620,573616,59599
777112,298884,678804,414791,93015,905471,901758,241839,3514,767879
19969,287211,503391,923718,46994,388631,10776,102680,343540,83117
973115,546088,955174,727840,277090,426927,413146,523338,959804,183814
812799,120390,753335,688111,546449,31698,463584,838891,151704,30511
44027,354211,637190,469225,418141,118169,584377,227041,35960,520442
490053,337246,151871,486939,817391,956107,10011,962454,138699,266399
251353,836194,185309,315392,150455,188865,930129,681498,34152,726166
678095,17383,505993,123716,679744,245997,478103,715169,234742,440995
66921,235259,218207,542061,438264,965487,763014,644794,872374,677411
954573,887414,764216,591086,162611,660486,443693,966361,79108,9076
762598,957101,672014,841468,553876,833168,898875,22761,328360,855604
284290,736098,753569,636227,599272,410966,97895,206482,252979,166425
44916,523438,519494,321181,793112,204177,466858,652111,813954,540330
590153,172082,922203,929000,473728,209057,434473,290843,369516,380119
610662,897167,651754,460789,857485,331929,962211,683435,724833,194152
376271,471602,20089,910633,858181,812945,387563,192129,605208,393613
652044,436090,613162,409443,935249,292961,394117,38492,360391,744817
286035,573324,106907,947654,109401,784338,911779,313723,717042,264476
54910,963624,355771,731085,576374,1134,902084,146485,892843,836969
746711,807569,98526,747631,588401,25366,468437,430608,659891,496787
318468,324185,395563,41027,12351,394449,543532,222287,906356,49226
464763,793304,423296,14038,4417,282509,777128,881841,955229,579029
580353,817807,135757,96735,849382,121584,397655,894627,302464,120278
971059,988562,898188,644547,1716,564547,904787,700494,431264,902585
928675,215816,979971,336439,29541,948358,161889,245776,73944,360584
196552,355444,52341,652227,785930,280257,299330,271246,552693,185822
548468,621957,115559,896411,57224,598092,19319,796406,616952,772360
989346,759357,58890,879132,716356,657758,539702,783772,330655,314139
164858,977620,297460,289431,88919,651881,136828,283845,519893,289524
277642,835467,2759,567738,855364,770465,83202,409285,83943,938476
687398,17025,201544,463126,430125,325777,78797,614582,612044,439227
468632,631614,516904,133383,668542,171884,272310,724459,524298,521199
641426,847473,245856,947257,372162,211184,820267,806394,436679,217485
770510,881821,831381,740707,860667,377043,270040,58242,7906,691287
372565,953541,398429,158947,970859,634988,667062,531262,172527,188920
111144,60484,353869,786359,774895,467299,981967,923738,609124,333893
19732,624486,622960,592511,964418,646285,853033,850797,82374,236614
88371,171378,194504,346712,886321,524298,496145,244044,196614,226165
628969,170062,828457,217610,223527,760120,526263,146742,627370,201870
669480,63188,246854,288540,986920,173062,873255,147893,423621,991483
156547,588428,371366,690214,209230,266705,956579,925312,737721,164381
888517,451733,540318,619408,210656,580673,154729,820371,844941,215176
435722,314995,482135,779316,784459,668327,974548,450854,515837,492787
505266,484931,427768,501998,306277,8358,76052,567323,976282,315319
271959,995817,473383,432743,969191,229035,632549,673688,934385,169335
781741,461418,577537,523368,443364,850334,287841,35484,272070,825517
898019,207683,515731,616118,640819,622337,752276,365965,962494,203477
205072,32476,785135,443504,416923,111620,328266,705295,991800,329653
657811,415634,155243,125289,632514,343734,507155,725871,390276,423545
705390,761501,854266,957813,430190,686849,754077,249347,28533,805048
71497,677631,848260,105841,145540,998581,420666,656589,495890,503234
181059,773047,413417,644773,337603,557845,67696,801005,443841,258191
359920,947151,151302,793749,75559,527622,895048,551123,6585,198171
206507,709053,697124,738820,947155,963220,765040,291621,583645,761207
846650,142342,825778,648742,505178,861706,883518,107214,974205,433013
796893,221955,754874,561424,494108,788669,855765,152857,114593,141553
410988,32700,837738,670262,96344,761114,423498,560303,666673,651871
760193,260953,306491,380661,107144,876470,502052,876196,725441,146697
695581,150239,811766,188689,60593,410,173475,190256,474465,488426
681261,847511,93779,816721,728516,744489,357530,50428,936559,362897
409941,579101,953000,523934,119902,264714,403802,666198,246522,875554
480471,722178,841208,936550,710937,406820,240506,55361,591055,101748
197345,942023,70266,693669,488346,514262,613214,500791,4203,484632
88704,45104,561147,495653,959523,63625,170638,527117,726215,311103
197685,871,732157,891399,172208,978676,373984,445062,306727,627953
526268,442031,282635,114319,500454,467262,77433,377202,602816,837791
601922,486804,503433,165818,817552,692585,759248,170704,377627,643712
693458,829926,657396,479883,217358,197720,810850,283054,507371,510643
359973,189609,840485,543263,603914,523691,959360,997687,71524,3616
891891,597305,415774,935461,215049,362023,884488,168782,31087,508602
8100,160533,979488,733831,668969,946583,726287,391461,584321,909537
127015,614406,275517,619400,432291,498536,224255,380183,574009,245054
265582,940293,313736,983397,320923,771649,31269,741289,803206,818137
819240,636510,567056,314911,233834,891097,786961,154477,253035,462603
844648,373989,782978,425580,958983,642185,427702,63959,959575,48655
785015,594024,149234,457733,241882,288890,620697,353145,944201,397067
484603,874283,86583,820799,385099,524996,854328,78968,4661,949509
403524,861401,711555,398537,687534,882820,86361,572961,429683,253745
576710,49662,116959,31920,246210,649928,140365,886355,44022,15667
643116,828917,205400,298517,855200,574858,15023,2223,898538,267433
699152,797074,153344,50775,755116,272264,95254,152245,833483,769564
767994,972923,348234,908466,724386,990553,450551,562179,459926,541500
94108,245252,61463,578925,475840,186835,181068,127754,133343,225352
737243,678177,770092,371411,794325,908484,309225,364434,535592,66151
493314,931554,273327,730961,575670,664530,839862,371088,632067,333317
175025,888498,32394,498447,49181,785699,714070,920140,566982,806646
11314,470602,949323,833371,547142,126423,164105,778014,296761,935777
559118,467861,806162,379361,358744,825972,902619,399131,159598,951247
968141,226159,54586,608821,357388,761692,940564,927043,394910,247612
960356,48725,667210,196889,498247,117447,8711,381846,617583,962400
276871,7000,83952,798203,939837,187678,301693,772296,310823,6920
62520,331077,475275,91441,446210,43580,561018,997741,644862,700299
20333,613016,17742,660294,625853,542428,28730,101266,619337,810878
573293,104624,732425,457291,59547,952316,119092,600503,382386,118695
385160,999691,285013,902250,983854,619439,962849,795100,193867,638925
59845,976489,562455,471537,448089,886507,817629,870552,270890,487498
671714,431886,833696,149379,373806,83468,38325,679607,109048,255452
775000,454753,282311,444890,93144,157591,830513,276584,737001,92885
636962,99560,326480,927168,975876,741084,273910,464860,985839,204504
820351,674374,979698,483376,737595,685947,856643,550126,572614,76066
53866,648078,13236,287598,211785,541365,620936,338416,552108,632525
741791,411279,540504,799470,521639,255073,425957,134880,218269,62703
303315,276821,299180,373832,989386,573061,119561,816297,711537,919513
13397,318116,583767,68618,524944,63146,754091,504764,396686,213757
148971,522750,15554,131224,768760,494204,339608,860107,900142,933646
178744,140786,855138,393315,682526,399662,328565,160712,482218,115683
736132,791262,939138,436903,994587,936978,90749,886864,80238,42469
353346,348032,101163,303649,143766,519622,2844,73014,891892,890213
688149,958503,520149,831240,183504,441814,860011,493285,379405,157703
694892,402386,883107,576677,534589,14159,516572,985355,980977,381555
689143,110656,16722,59421,71405,99289,404230,963117,657074,98684
24743,217808,280506,645054,169856,328678,520138,2299,758458,901942
95300,715923,762157,738305,737202,303588,204220,513309,461886,937696
570542,105821,245831,793200,578823,596348,909052,688722,774889,336195
223464,631202,689742,282289,116761,964836,87940,589874,736738,238754
743693,364332,700089,522771,594136,237001,96540,919693,989582,780169
864558,444113,907024,984646,245402,144400,502202,529939,686583,116733
483475,408950,269153,84698,75283,915796,413419,778695,354312,890952
553583,130107,551668,60645,632669,230887,59100,614933,804193,682363
852325,927325,637922,967387,593834,454601,843561,178789,273214,716736
783898,142971,477847,516971,919088,353580,970630,472628,17819,650546
546773,534278,43251,972607,848516,542513,904533,182306,87554,738527
357569,459585,118044,193105,801205,337497,33423,984179,338625,366582
664668,735779,526847,570604,25647,500213,394031,234112,428982,720232
901902,727342,359278,17457,353753,416201,314565,882610,871329,352554
674039,633404,863826,771661,13188,480198,222732,259101,258777,128403
913194,956450,687,464489,596401,930863,633475,152978,207431,634519
99968,212201,523103,787555,567086,667616,572097,456935,334744,556596
670992,259801,287045,91051,192964,778572,297922,951257,81286,610916
817439,363935,753764,154413,901382,604905,27705,270268,50124,867316
398228,18279,759321,138643,233353,468452,397569,935457,523612,197238
416432,707751,488494,452791,315969,432146,1034,611955,811717,4475
203529,325193,60642,379296,92508,424008,716502,322773,217371,726577
618070,451892,51329,835167,927071,962505,589269,780694,836227,957449
14074,128054,4882,852282,244818,76437,835536,833935,640499,140989
69665,210958,801934,767595,372203,864716,885620,652931,6322,841787
664952,29618,930655,986453,908416,268024,492777,861308,84400,95641
415749,436082,884187,383523,747646,947026,611955,322342,670220,214240
541952,929210,683728,476278,561734,124257,138256,373245,509883,343173
705865,599460,479469,189301,593830,263732,161684,920095,922499,315185
45701,703275,77181,874715,22243,709993,292030,799583,671597,46646
191452,972619,632516,204970,702312,172061,494703,735648,616919,398630
129902,656357,766613,586144,769352,698522,883793,97749,46677,342480
615835,400637,823735,739817,432635,270253,140578,42571,751331,245614
640824,651981,691531,366915,651879,799398,640027,176750,680100,765892
708948,919034,259130,7987,121569,468318,186624,431342,986688,875134
290983,173975,397752,638909,296788,989773,528005,70373,706561,491244
619210,78504,535164,903739,537131,134812,997796,298065,650256,762895
362803,165507,563869,677680,653089,826443,69130,201092,843595,100200
704333,665230,601390,993910,743142,4330,117953,696591,79664,771663
711070,540045,272571,271433,882192,276618,639617,623412,247176,793625
464000,59582,751480,162177,700110,751744,320793,857281,406483,958696
571010,164430,511321,509577,462436,546668,14304,980705,922458,188807
530586,164229,395035,626781,884141,904010,849756,874280,537574,594477
886327,101646,584258,623882,71514,346013,514950,761653,483539,737040
244144,564584,720693,412314,703870,205040,284867,49072,820334,237145
163139,909932,439313,50741,517145,66963,875110,875203,901053,506596
371505,495005,14587,114004,494672,56102,677657,951242,331732,685499
479955,432822,61428,67286,210955,369923,131173,67744,479673,857198
661451,108836,7720,688423,326891,196819,23473,643801,29193,630544
563582,66093,112608,490817,612313,285828,221228,182328,318815,651091
802783,516946,869335,446301,204723,724339,976155,841286,954185,462355
572970,850417,740398,66531,510373,312142,341000,375748,633295,161610
431924,451117,229439,887307,426518,523598,115957,220256,830221,403883
389354,148291,513594,636819,350475,530917,878005,166338,675793,504161
502777,129670,702014,784524,176101,893296,145931,474845,426520,795421
968180,315675,422264,5797,859594,234599,184472,825080,725814,768468
263059,933936,332789,232988,455112,392459,983930,423035,520670,989526
740467,316096,905612,938559,221344,918919,861930,369244,31820,954091
741685,772006,192221,419021,930039,899073,893193,68407,498586,619593
23221,715064,221926,526088,354494,483622,381493,294198,185864,56936
34569,996518,564756,833885,258084,157313,491813,23650,51821,652061
384500,971776,94806,506567,518896,388574,513670,304472,204706,478151
922871,879367,975530,401625,513015,43368,431655,755501,336321,428082
294280,228905,398181,614047,936328,603395,717011,426652,244462,396517
972079,956372,92899,206231,922492,657303,18022,55247,415168,571572
411739,232810,731351,124273,902240,409794,188948,181409,245336,839816
925486,128330,474242,337652,620311,757565,649305,534248,877717,707867
474318,95811,460461,974750,956819,882138,159457,239901,432145,887036
233145,750297,764947,479676,960883,603736,493452,135089,536628,427175
262970,771414,174615,746962,337647,289967,642103,688367,110902,867002
597680,462167,386510,465040,900330,811291,302795,963676,56385,354646
719086,259774,67508,745631,450323,227128,925926,126317,184379,793859
632548,47183,963802,792533,91495,502137,397980,277936,347020,723164
824697,580981,22076,67215,402549,59396,194667,848028,277050,870439
703179,941176,33750,57096,896625,899599,317812,504307,184568,514895
831865,53078,837305,432106,712764,642445,188070,193432,413172,303690
94635,298762,426373,74364,913590,90284,353947,340364,682379,728189
411590,480915,990892,667450,870231,971974,530063,903789,97609,982998
548601,37210,920905,42779,665716,971470,450600,212378,218687,296414
521026,108327,979657,139493,510138,184896,963804,715656,137072,137871
593461,931522,598275,577498,594691,182228,180293,341642,23699,422533
494690,688164,18129,637588,354290,928348,188210,454456,34739,867795
361392,136617,932690,714424,208715,100898,143565,284943,611147,270972
242076,107406,823842,231380,268376,924439,539718,322360,662375,130571
365218,417070,964387,635315,938685,184969,569629,989634,689403,483079
584773,721302,136881,981039,796483,246405,863126,837892,908397,99323
840415,338140,395192,84244,330602,864049,551613,555067,537759,117803
248234,776714,704493,731578,913694,446058,173424,899433,408115,89943
335546,294555,732853,302721,449979,29529,849446,224516,276347,557135
97468,135786,644729,471011,94232,867975,695357,928296,128744,305677
451541,609676,330637,288174,370043,190313,617239,586576,77705,844106
167237,809000,518316,738383,518246,371380,742355,247965,427433,345270
885905,705963,160993,538726,153349,32969,741758,65507,864476,83635
713563,39038,478684,787009,660454,101317,261256,386926,103926,380022
224494,226339,169466,630358,40087,866352,458585,358023,296850,889866
8676,536578,883761,19732,918793,347847,666463,592519,269642,212949
484503,147249,364478,644359,281068,582017,140087,101048,740408,534287
698026,321362,86926,543063,515767,338256,376895,632167,12258,465795
521779,509846,13939,979719,611408,267802,318625,544180,447281,9996
298989,640728,126741,469393,451174,97047,227817,989319,54664,781916
86622,778658,410795,462604,265554,37134,184134,3642,458198,467159
760335,357056,214533,382804,732037,146986,609864,383825,423701,919778
843692,12417,891950,11184,251271,535306,18934,475531,483376,103476
540328,655834,825790,190209,968985,187114,179619,676562,572440,18720
868921,259556,762159,208485,459033,937412,58586,939980,839642,270719
441230,437018,577344,267219,787559,177777,311661,25183,294244,393281
10954,564565,647564,14296,8350,340136,75012,430399,497496,231842
463962,811997,609996,921952,183553,105551,288025,11633,817406,284194
412746,855165,741403,338632,760266,825836,637863,439728,149682,521376
803201,868625,512452,829551,872855,524870,996729,929003,329365,255205
874561,74725,49242,404405,883862,177695,813770,441261,741461,208256
575612,949642,75641,757958,731216,482353,831827,541112,544820,871481
851560,487026,318200,25104,944369,419138,382766,408528,171008,167432
737746,454026,915992,817457,151276,333584,577852,237438,121107,607115
452921,789634,679331,214283,844132,313166,80194,296469,876282,674043
117383,962554,607090,166641,65991,333713,912421,154299,174308,399030
209497,283866,210804,911214,473961,167751,286413,15673,399616,532249
347446,439744,135493,922535,201727,422603,627240,449033,227827,820122
31420,240017,672681,733048,751263,390708,111540,900380,152654,851775
417484,185386,9387,651079,61037,762385,481503,806673,936077,552776
91185,824501,505543,963783,894543,658983,301112,375885,876984,734900
221672,100403,445665,622240,574132,225880,274477,937664,311850,206965
460074,691351,253398,853745,40571,628858,957385,718083,269153,376824
539973,840213,891937,753137,783026,283374,887689,7428,902512,9401
945490,780143,385302,166117,208932,959012,642708,539951,424985,940368
931960,791299,317384,800591,75246,903170,731052,934940,806650,23790
11452,838839,921952,746707,507330,841250,740460,716989,830361,810738
15861,16494,560435,5790,410970,830101,801222,800686,339022,556181
135876,891968,760574,8965,48610,565747,563666,263793,844027,97635
130567,203265,5922,929958,367690,367776,740463,849505,481319,46400
916873,707041,986040,787527,611662,990892,797754,199677,666913,974223
94988,679268,353974,318120,560884,460607,565500,891887,185562,287183
616699,887795,516116,282319,324211,220947,294284,253642,591547,705751
772348,107100,473517,640880,190859,134471,715610,185201,809749,845707
216436,970852,439157,720150,683680,774008,574522,82990,512875,916340
434375,18370,443465,210065,902672,92225,69289,196017,299278,102616
475790,415862,574864,851293,79776,581887,730360,802437,998917,933866
128880,76587,186864,402722,380232,791140,605356,810648,152277,774295
822644,656478,203090,418113,981699,476454,713072,98578,6407,613030
648313,633343,707034,706268,38768,360341,520591,314180,311428,148128
838665,265236,539535,147495,252852,397854,90212,988788,457490,558846
872646,737397,505668,764993,266968,660369,217960,62635,643606,188060
852102,263127,816763,223255,734889,818119,552698,396897,123753,712597
783122,527781,840993,749370,382694,187514,236842,355431,5619,940000
821474,37143,4061,93884,727833,278181,568405,400603,577929,524110
256302,276391,69839,861789,886615,664108,552327,672580,456757,899305
246218,898840,485356,481764,727972,385453,87606,468994,391070,648642
923094,533461,378074,896930,49667,405707,155156,362307,478288,697565
43783,116743,604115,494891,951826,477398,646520,854482,546399,941853
916292,223998,918574,465702,873843,571263,461095,345762,368951,477864
993457,16691,743015,56780,93775,357601,845266,928551,746248,113100
752380,365053,919033,115960,975721,243305,525088,672884,587277,223605
332531,949804,43978,569332,748805,422985,174560,860714,86975,282732
813609,888218,735682,858450,890518,761705,945274,636847,901716,262110
115674,762871,315423,262925,283362,995409,137367,521083,416710,514446
286115,990746,185836,222308,784166,362629,252843,302131,559742,218571
648925,662398,527774,760533,187927,189573,673540,281558,944903,73212
287204,725839,798908,49147,939939,931184,493045,946444,92008,104369
213591,6746,692525,479960,574485,83888,300817,476381,58436,312015
82314,858334,977527,705401,914901,554398,294053,867717,293087,489570
31291,339856,466530,797502,624569,753424,976798,541982,207333,868321
999425,574367,906971,387892,933827,888651,606781,759540,885861,570296
117300,84566,515561,779054,859836,779099,163188,607328,341497,114285
266502,383092,286991,65767,306477,132096,796634,572417,481031,621133
996334,351985,959396,731712,860038,727427,835379,807741,100939,971015
350580,829174,814292,801918,285141,317564,44074,990029,316706,102440
372958,277953,729127,598313,319763,135730,473954,927226,554632,736884
235732,742143,290668,733591,344208,395006,619254,369680,367268,111652
88068,724901,815630,926444,868027,472566,452423,452873,34568,2628
81059,208972,281091,262796,742563,438801,971397,960868,54733,820620
264664,993335,908343,573534,918087,668111,691242,598941,785440,458772
793520,426747,201196,308782,136787,644604,504016,599532,453372,140811
419700,386291,711675,716983,941726,819190,68583,455525,686718,909929
78760,343898,645609,776776,601173,998287,631410,753896,183185,246994
580327,818737,47096,833760,861598,785072,592492,853118,799116,551181
570852,822562,625019,425879,583342,672700,754565,330399,146025,571347
756507,656757,411238,756688,929891,453969,617541,88733,276001,661938
487308,158235,565268,22664,798243,266869,682244,498801,8456,395718
167468,72339,341607,281287,585770,105034,318246,129310,892766,711721
783986,371014,368153,196774,597683,8863,533275,777037,148296,768253
313767,641085,937380,892552,429566,309845,653988,56340,883815,479738
90408,688001,595467,1254,232635,343254,869472,484169,486375,633518
869382,738362,444735,501287,310680,804876,353896,646009,869737,150529
413776,702617,770598,4003,856297,31534,152052,403331,252988,178501
261253,607792,45799,781065,627707,479876,498486,65350,628066,247004
736297,830731,386967,437249,38607,954476,333589,516540,708656,316759
968087,654108,68028,350161,341032,378403,666118,642327,843233,888742
646060,443136,941608,836636,322214,276865,444977,146415,424722,620683
483716,220764,690873,517490,931863,46683,275629,65944,30952,493928
558006,818457,83672,272077,551438,186498,530717,795292,656576,793051
217456,479778,39782,942810,117063,970943,902303,574149,458127,88915
935764,165988,493898,192419,395493,182765,697412,744074,125155,593582
948975,732710,38951,476189,993850,4388,542382,770339,276695,887275
702266,439892,619933,425310,765623,725018,783129,588155,933130,996917
333970,870512,575627,521863,107671,249610,576189,960053,430694,810424
937637,81995,54959,889720,600930,148534,702768,79061,554152,631751
57100,646246,493601,966770,737755,522949,835350,174592,853940,961007
457492,37862,963187,132633,116621,76116,741034,494617,831592,312293
699046,322577,607083,311199,891699,981903,968648,400551,213205,788119
437467,433637,540947,90495,927008,580910,836534,757794,541227,557202
292941,920595,718535,671529,824341,457839,950377,519464,261292,7154
564402,60158,13043,402565,373793,205720,482449,774000,411162,149055
923053,64547,662232,462171,690833,798951,735757,802326,462936,463520
591647,403998,168346,58589,440025,138998,379673,630014,901012,515957
299159,287911,339710,70488,824051,296023,311515,709078,718678,51653
751987,331994,160721,391621,712774,952013,401664,996881,785841,709444
803019,442014,20741,32723,569232,972432,33471,752212,110270,889503
578225,13858,444000,559415,91160,126089,888066,558579,166856,665978
220158,409443,452028,641882,282637,857416,621275,884797,567592,330779
248926,753068,494574,422735,737128,872190,42534,830049,748493,937676
872776,263333,584246,123322,970032,727814,878142,770848,702169,653748
362541,707701,546676,823662,120164,217712,293038,811800,761261,417687
613115,143506,3897,569871,904032,77434,675568,964115,218208,977538
1566,39068,173067,966784,735343,98545,364659,618576,459154,529179
996023,771988,591284,409197,667717,263645,741888,245233,734069,5708
817481,245691,617508,379480,484113,673891,293701,526023,553288,913470
69508,763118,422817,2870,355930,477345,772537,89859,993617,164754
926534,460196,656111,53755,42689,380275,661410,200260,516692,382415
360267,527377,759820,159390,868147,142127,14021,790038,311364,78944
305249,118635,288285,735844,626068,678982,455298,308848,345034,213547
116105,460758,860273,92174,780487,636041,803184,320186,312579,617958
752787,617190,954329,361553,451023,824322,260460,240341,501882,120892
740016,811154,792739,19432,855692,739940,50896,961081,251512,110603
527467,488856,229516,581845,945050,685384,671310,867591,964531,829127
985698,536868,101426,59297,185339,512262,117015,399160,113221,330050
945085,799135,339966,917737,180457,777658,287085,362549,601778,74595
798435,273686,54411,603196,612000,262661,259342,948944,392780,824361
989178,891691,897850,582497,232762,539156,514840,471291,480282,797654
622084,164110,750277,635567,91730,353687,104774,714919,898870,549254
21661,550302,951759,165495,909390,147237,314571,685472,452792,324178
860768,85312,836853,554867,441844,867932,383882,338359,544255,206241
997927,457605,486120,356085,683163,60151,180505,529451,167792,167533
166708,23658,760740,533635,849170,804211,967757,937205,249579,658158
126641,894115,548980,504338,406268,925014,521208,339173,365862,872597
58164,640923,987627,924893,265515,978147,726275,99295,454728,654354
416976,652962,345858,514087,160638,847948,920946,520616,200397,947282
131201,794853,993954,41320,365567,44325,921711,767502,365180,369692
289739,699722,54584,90204,591587,646231,672481,635067,11836,919669
686004,771779,182106,68620,204497,516190,923506,376471,46410,263649
553840,121766,666699,881551,981182,389338,1310,489809,511821,948941
49305,241877,558888,335234,669215,335160,846996,796095,345863,406994
82095,353935,848369,200840,559501,353859,782549,898280,964946,340077
513283,305721,287711,864479,862675,551467,447378,51255,387214,671590
72862,828295,442061,314362,965986,728362,208883,971697,119311,673556
596327,24635,461825,940762,797823,971764,833336,848010,297193,63099
270611,277700,671952,169337,537722,361092,746249,635449,707903,500298
931247,932572,675016,930195,134361,265346,814794,644986,690391,859983
159560,659107,214835,140263,130990,229708,434134,188110,501874,656982
953096,736663,383054,388795,462784,527413,123862,201201,796033,841147
684050,791063,885935,315499,118012,718461,853310,332125,869613,569029
344573,173799,622777,877464,868125,127006,165542,802091,878142,647871
868267,911529,84813,669421,833244,878509,720745,877473,529536,117654
245381,892368,613948,141457,128579,544428,465403,730407,972740,505743
527176,683480,508293,854109,197154,415993,457541,760035,279940,4866
614901,734772,132868,797194,893912,468355,891633,177270,445629,146775
37542,531804,177818,863446,693048,248381,336929,698905,100539,589489
141892,877391,128415,821668,864069,876508,854322,279150,780802,845465
963673,326160,57547,824583,922595,201244,625017,760930,971176,945628
618738,605007,607468,901998,514492,63609,52509,622858,578721,656433
815686,812392,693477,932996,432075,421121,667178,844642,527679,606410
186926,682148,522524,119321,271225,419084,144225,661700,88739,950125
161614,324657,282866,181283,155533,740777,136336,699918,751979,769270
21875,979287,648690,341737,839532,552154,841851,476527,2014,8036
205627,100567,438362,469130,371078,590404,479449,727981,584092,559277
944440,163203,347419,766371,379405,381673,378034,49485,565875,907337
224627,97353,917272,81,461907,294431,161068,245529,197417,810285
16481,606290,413128,896616,378631,131838,749062,912927,997804,913069
919532,54643,64855,713794,342348,996632,381890,514712,626721,652859
414492,805453,209809,560205,246042,472356,190159,764349,106323,112966
575541,124787,780946,398552,711504,951973,891720,857155,710937,736382
472146,76635,522510,913970,236728,660945,227562,772699,508159,272241
540564,902155,82792,313272,512807,456329,194712,572698,205715,145292
772384,780610,465443,241670,517346,180726,850023,46039,355857,551712
901926,689428,829035,237488,900559,577691,438381,566697,793250,884806
588685,173585,824563,50779,633354,592135,547215,676994,412149,219327
961125,708700,182059,446297,906901,886078,982978,689118,600278,619871
572689,540691,959813,216371,189210,334884,509912,753670,733478,56410
495988,243073,882576,785746,612500,929504,415299,285502,196835,997742
418764,89859,634413,466123,765716,160649,865515,635710,830410,568606
819784,676578,164797,847690,224005,313361,318917,415654,21837,809104
299033,672292,425555,469536,169889,578675,995718,831628,322894,7255
872856,951255,773388,810727,922390,708736,423185,699906,299340,437873
810463,33876,985003,799590,260802,900029,895361,997712,991083,776783
437219,630339,202184,533593,545194,645167,312275,41801,843788,694645
531366,693817,869203,495605,947870,766717,558600,437445,857729,999412
691894,678827,517731,710710,879222,268980,169939,718726,645206,859192
899720,626027,417634,135429,435739,204804,821095,954187,565671,445403
832473,493641,43998,303927,679678,130399,188729,273197,407458,9614
527485,642642,429174,975067,709625,730103,294931,623290,615145,881482
810764,624300,617786,621498,670629,961603,137948,197589,123963,771231
570139,152069,399696,936106,632311,418657,773771,279781,509493,86238
209106,103293,725733,900205,962954,514460,442511,235905,128839,987675
253711,684469,935289,294904,368722,385467,957642,939428,414748,108660
85617,678309,605258,952705,927776,905565,254921,146831,137177,264063
990025,586659,718944,90728,564746,383800,495220,716800,726439,506269
819612,234046,641654,206704,57729,885748,795907,239104,783808,449985
566528,834857,107965,816474,992661,521754,5253,473080,99276,54917
957620,486620,194482,308991,565797,197922,989227,42054,650219,854967
171709,150477,898242,277502,619816,143665,718029,53173,38613,241750
301882,656250,326564,14336,885269,961625,771844,121092,314099,990492
145396,591065,656754,119062,319706,209906,45724,229267,288367,710194
221687,773084,638581,336233,105825,270617,51679,320483,575744,18951
932249,48980,697366,833890,938721,229715,345093,371089,50427,817849
814598,861123,733925,23369,159095,991501,782358,150352,620943,692623
159571,830538,731407,664932,508143,953579,202420,524239,262222,727021
802148,827794,196735,49499,354523,931802,443980,537274,446673,413563
132179,747904,655034,483439,377067,642214,796704,928995,51711,368537
522644,696020,456007,78746,371806,931085,414278,400749,566302,904239
565749,496035,152979,180308,9624,732300,700958,217313,750914,32867
70885,459025,506337,39438,444677,503883,368803,470114,253665,44941
340927,854010,996897,702822,321511,962645,97212,830197,575317,840767
444166,953845,350172,82200,362991,429011,437773,876127,353771,886529
345124,992270,109190,612109,316633,770898,108835,913107,62407,850040
872071,174569,591318,346978,900076,721207,396611,687797,727532,377672
523188,984967,879337,720396,252721,423704,388924,433650,480961,640804
356764,294073,531198,469020,67162,581652,414235,845949,370100,881618
555231,126539,710227,142408,872794,457630,755422,843205,183042,489663
681154,610456,246806,26666,683218,440734,649621,138069,444614,67413
931427,644401,963481,663895,322443,664670,127940,657009,448183,931624
686470,466816,667071,455076,723844,914674,4791,582445,568909,156672
265787,352672,573723,661657,336051,254070,264443,492044,89488,120956
200269,793598,758685,344444,259196,905040,432090,154974,856068,210010
332561,362596,268910,406508,634037,451439,732069,793064,578332,313911
688558,866964,884503,693143,419463,657767,398367,953199,960217,306634
926448,688582,767654,906754,715562,6705,501506,872660,130904,312461
373328,720244,794528,636353,509668,761755,12398,792602,448059,229290
538565,626241,408321,983127,171728,370708,167334,729280,786682,994203
318147,790208,43369,863598,656318,687246,103588,423758,868230,188485
246629,198592,343866,210582,972423,772065,767768,698110,349406,670050
905533,777699,454872,905681,220823,973840,390426,12366,853948,84263
183695,935657,983149,893367,488897,946260,330016,387104,308545,462385
924586,172312,311675,320983,512464,706782,625345,799252,984631,956240
377283,92656,557088,660205,950126,472156,772024,331787,115103,961646
586853,563842,72937,316541,537172,489794,752177,935138,608855,736571
45009,971642,465303,891515,374181,277070,939240,10289,242655,12604
466545,462249,842278,142189,683853,266896,213686,792923,394182,131812
934625,500514,827921,421846,204535,41599,887467,586272,767943,322646
683088,623178,866060,326733,837245,540334,761386,550390,999309,452400
850802,798594,377567,657157,899089,988193,674142,559950,207205,665478
636195,4260,71838,194813,379560,899848,396341,351703,570213,806468
623955,482736,24687,781581,677555,48199,423376,950261,116388,815889
396562,492660,326248,714164,484108,893634,239307,87425,675930,129381
174958,805007,187806,244297,545055,781209,69623,78989,71731,760732
858961,571518,795559,499125,913744,474374,123944,398355,386308,642616
874325,491948,551093,772959,75227,621483,985449,746093,772776,719003
451633,764145,626576,487513,875587,753535,863261,239284,437060,40644
374339,639522,819385,694717,591712,170910,861085,748399,37631,254790
638305,925486,584939,409889,695395,79650,910298,914263,817615,915412
655256,437258,522915,817333,915128,148673,341073,316212,446284,633610
402273,394242,688108,579820,58916,880224,525438,199603,307447,971168
846116,45196,209049,885461,575656,92907,52463,380564,98689,721385
848760,794568,830772,536052,789226,657208,276172,309867,142045,249866
768275,4803,960031,24975,874777,37862,85902,753177,335082,52236
968583,237790,341385,247749,327072,203867,244903,98921,349715,948273
443360,709935,460261,606054,319925,860117,938421,892234,315179,640434
780520,929430,133500,304201,94159,792275,792668,550865,700908,245437
755863,33410,43661,435464,582159,71652,789414,656075,169973,487765
80140,529014,231704,235788,246599,54964,986847,641198,747716,582680
28909,451055,754649,661613,839005,380422,602105,431212,892450,658326
16141,26376,302567,818023,570128,160649,269869,308992,382559,183317
425480,265708,791175,303532,606878,78362,858701,728268,798514,108160
413806,235948,830586,564757,571863,265869,905338,471922,717453,263685
515172,320859,218884,525758,430084,456288,357672,80631,790100,348136
364579,950811,799087,799999,213510,255123,322571,29985,919910,610383
285936,670528,483786,779612,675998,385549,279066,606319,528065,608015
436597,754169,722387,819955,182441,385884,560483,471390,375373,384928
389555,972766,227881,738833,843519,713001,296937,408565,308484,398498
114680,39689,380940,186316,763064,664490,791679,586351,535323,735847
373073,583728,378077,426229,909714,222851,966565,970497,859957,712130
571670,336341,788064,334186,810808,525849,807956,91453,67883,82810
571423,927774,962534,564468,856708,254973,617058,527002,75269,677731
629416,600551,708747,940129,723188,217674,61502,313025,758129,996891
178099,552508,267090,999824,28723,43922,832034,191811,718408,619021
528776,562953,497323,464349,185877,280987,410229,12667,277021,407425
484971,938791,748633,527496,988847,174625,652664,258117,261186,896329
652194,446794,861049,522250,455909,465540,196916,445286,679208,517649
990662,320323,19425,260335,722535,416528,256911,754592,959074,562969
824889,113127,279745,312050,109425,481611,714881,167215,786334,173034
340243,512448,731767,294354,836280,790489,168703,419509,801443,94012
784308,274199,549447,191111,525232,552498,969965,967548,736668,268165
988329,376573,935848,884455,231501,781420,274381,741113,879017,331465
484868,491803,695122,773181,451736,228911,861477,488205,333276,667684
49777,736540,173894,547841,614623,130548,150204,514357,842648,277020
575197,760721,788589,100279,371196,396024,163775,700310,758923,435833
5882,998889,234670,493716,574671,842018,961559,934371,424308,802953
309072,3097,659604,821440,992713,698368,490889,774964,448789,226307
193381,371010,414361,647620,723327,746580,783058,217644,954065,547226
505590,488338,476412,767866,221834,372704,240245,876486,701296,865476
766712,293097,612902,610062,194751,706671,269730,566279,868581,191026
397792,984880,418174,474787,134837,408882,791061,923127,366909,904870
553035,387667,854866,916940,330013,917998,768906,406067,728639,357898
120360,220472,834505,469373,842920,998432,465656,89415,128549,166706
745660,587195,983046,725474,748226,986750,181236,630461,177778,495271
240425,833086,342348,479379,546703,585966,421520,882127,220566,505734
561613,690141,36007,241143,947023,486743,232311,750451,571695,604110
165939,823512,442526,220760,881319,822748,131362,312896,408215,343945
802853,885605,223013,944230,981159,283920,755020,943728,589402,171203
566066,873608,374447,782445,84200,24331,101368,154113,580530,147941
935587,570712,280960,190877,485712,462926,787662,88052,756026,312776
835851,211869,445612,856846,452402,318745,27229,823331,196622,335905
70986,590408,29899,896969,752446,504150,810021,820200,207861,587084
371735,154200,742082,938924,599520,443684,882123,864153,979856,466084
580042,369116,346783,295930,517395,104143,203331,445671,928224,878925
845021,779361,607105,928237,462671,441086,535893,225296,812812,766337
409016,157454,643218,639880,499184,451720,776270,526936,41521,54901
585794,426530,1851,287883,796269,662524,919562,906208,563967,904718
252730,165408,147357,374211,118761,578067,805840,460955,318940,256748
681455,65968,284997,71405,84319,255792,128399,663452,942654,583197
474363,2204,536580,751873,531997,561047,906723,983056,103756,245259
542821,921249,508124,802638,961635,673324,278372,20051,614426,40022
158635,561162,642942,903722,115720,851551,561872,409787,34050,230058
620032,499171,937466,42093,733925,699927,527243,791780,505442,282432
873948,5060,176096,268227,32872,169630,84736,866053,354685,734510
308104,119346,514927,917120,163842,669769,336323,324370,82781,324814
687530,833746,98255,718384,130285,509785,927728,616255,933577,130692
823877,149202,899693,293618,599262,495985,942479,950658,465205,145908
388087,683994,891606,683605,187396,65847,505115,906685,317297,383911
644701,909145,967857,721313,813681,66402,632007,290398,565224,734600
740369,567615,736132,640428,222832,138617,650137,890693,959061,365436
835927,672865,171768,61176,942695,580370,43836,340792,195356,72900
791261,311154,503454,434671,622456,808334,272867,269435,598788,159331
347586,546086,175881,722146,50384,663545,55939,426493,51174,45376
756821,789628,279283,900808,745643,667038,409874,383485,732974,563124
221493,946366,17719,668959,923780,753009,925137,687256,461996,912378
645213,266285,126855,195601,729185,426376,133798,940979,783679,476755
777828,305281,466039,879187,869161,132039,341306,82592,483412,491885
368377,72908,887788,620549,562414,44663,792136,118902,448396,422906
971289,381941,936506,112939,740070,444270,352407,976495,623691,783786
341508,646925,220000,757706,687836,873360,616223,346495,659465,934908
81474,850291,533940,733918,146598,104219,933875,842324,271933,885269
103431,314689,625310,916259,566210,625629,334711,323706,667384,206168
444449,196254,797777,504009,253927,497113,220887,122126,432374,602089
205082,835721,96878,138877,93799,916112,408396,406378,199982,36981
732403,262429,462892,274608,38795,602317,538556,298805,978054,522254
723096,790796,167470,123596,294580,563197,530922,950339,988498,156017
101625,122432,417031,349320,63876,548902,672815,197912,61222,364538
240983,915312,547413,489225,626362,69761,328801,301487,323627,738764
121185,957725,163488,241145,221398,620728,981303,410876,738528,621509
57352,199028,130715,430622,987086,700190,380297,615641,423533,80100
817834,418489,144021,86329,161107,654379,539740,128516,187320,354175
560484,956071,67969,112847,819171,361058,614033,689955,937721,596251
92069,586771,748729,325450,805215,832764,734679,436035,133534,942317
911299,972454,505019,519518,577643,183763,29202,542094,330919,654122
127622,925514,307364,926550,828447,977115,136499,432347,810557,274815
567118,428932,10038,570985,759126,214234,68209,749371,245191,46184
175328,906475,662266,360459,370072,953881,595568,742090,379674,938200
451484,561726,402788,199566,121778,61564,32369,13366,372033,967711
533356,566363,104590,927324,588425,576957,896594,537930,677608,938456
226773,265262,735981,338266,642049,57301,241301,221161,892942,735996
323034,542709,848462,69430,269695,455449,549102,753748,534699,201660
326977,925160,802213,492058,429247,338980,746774,816179,38770,965476
591105,114012,68540,967693,169951,974373,598145,107439,735547,880780
157094,907517,637919,565534,644074,251583,29199,477076,456474,746035
810366,280668,661008,171834,375065,218686,688397,636624,65672,159320
675139,64832,577704,336416,837272,652158,78053,28876,362098,579104
861772,961150,277415,126056,402978,457966,866891,310616,130297,14951
966674,338841,251981,512068,897277,263939,220400,660896,72765,194623
789090,279913,594773,307416,33727,722943,636629,354086,980850,249898
517541,296084,577738,88722,440363,47859,394143,196755,916316,524484
1083,972428,994236,294556,887491,29095,297597,292717,175361,950185
429188,481489,721742,991361,112026,561869,915793,884289,167764,695102
380325,968580,703665,814475,650812,257427,560926,477460,902483,988751
958620,575417,543143,933690,223939,3554,771094,255702,92550,580162
429319,864397,511935,959910,176919,973430,175658,418282,221232,607067
67058,973404,279248,180828,35723,142063,219574,226462,564140,808048
224359,705112,370136,579250,446970,425530,186163,984069,73417,76959
190280,95349,672096,495233,47338,90042,131394,363377,359182,189588
391682,278137,826131,944370,722858,112212,971805,32749,368424,960606
890183,184540,566078,456375,600631,358980,987831,597491,81286,477730
841122,636351,832151,389093,219252,784496,296694,46465,928356,567181
685209,20806,310875,929375,201969,366291,590851,275842,57302,651713
786981,673693,161536,80661,815615,595976,601223,500256,183044,688644
818275,760299,323720,185800,489597,940091,901278,349011,320667,529700
642300,944239,391434,185354,974417,462386,539850,483720,933263,949602
500649,932873,458641,498167,554607,985794,90852,419027,593349,932538
948282,925108,572139,20253,755474,943733,191078,233769,976179,517348
258930,689512,78544,282387,841550,24393,868987,890760,253278,70601
206407,43263,680674,18381,379344,7825,472078,685944,123295,351942
76047,658801,143335,571794,687192,488294,774256,293653,616917,107004
896985,198187,133985,701386,6211,934056,8289,816592,275031,265001
697891,43171,293568,942880,233965,698833,959857,842143,293334,326112
702899,778419,638417,483346,578767,952407,17832,92002,134265,314665
28978,798142,12110,35979,200665,542360,26220,523970,547602,969238
175418,622496,959174,317879,294709,462248,398282,105644,76171,540965
117023,842518,480313,236544,666872,587816,559196,298008,874610,950934
499829,19266,793675,69307,36249,721305,577478,741460,190302,944957
997867,647973,550385,723719,833717,883398,47599,174990,318265,640576
303977,986030,665035,180358,63318,47733,60785,985869,664122,329287
360087,428717,581508,632527,776630,215542,427297,209565,520528,114539
473754,342642,284283,990028,549480,236389,19518,687857,767303,231825
641342,517661,587010,841008,768146,333883,260331,120517,727043,769455
63420,622444,239950,47162,243062,923387,463825,80205,720929,862655
836508,865767,543427,422991,463463,134675,336303,542137,109872,829750
995860,790128,164946,932603,813217,495447,154796,941519,352171,634141
721830,794044,610107,605816,476035,753222,232067,159757,891240,814461
566212,983288,750493,829492,707963,984896,251724,349420,293880,472156
290397,872676,370392,281973,823979,307015,83341,169467,597677,371734
151680,12671,123130,152929,5034,808452,93189,914476,249265,45956
114854,649277,367312,338168,212840,339983,763670,958292,436015,357726
667710,504642,854895,8193,193977,557045,446145,738972,846972,40945
144292,442288,228796,349234,913248,326102,774906,467628,228518,239022
77722,694309,931746,879725,269207,138670,494382,595415,331875,909066
455752,871139,204809,930420,822070,319664,399747,809659,229053,996703
701003,490676,541495,663753,824438,747156,711112,970881,840179,284159
426468,112216,451476,515571,170268,107043,618282,566602,696512,939024
272992,2091,551426,136079,734418,329164,347346,449980,628844,442410
615784,222354,499916,139227,626703,570962,609662,507090,872710,677319
728192,576474,71872,109718,43549,615818,490157,844814,184363,125226
368545,898958,44412,777582,630804,635209,799388,707376,357959,542228
410755,76335,466545,283293,280764,366261,346607,732801,115338,581747
295216,443438,688705,634780,495448,804280,894250,956689,612634,491348
47019,149955,347355,584713,264495,859878,590991,461872,565645,220677
222798,346316,112762,352887,119607,795485,100113,333180,205724,863315
530181,810359,397903,906177,66329,832131,478522,276192,858655,54061
165449,85831,30048,346745,205549,86992,621899,230847,911902,532030
471669,287706,909047,868684,674656,425322,416156,178721,336968,453255
181539,351038,730242,349995,174670,774287,622251,741134,881037,864286
151269,555663,108084,756807,352667,41014,304423,371285,370148,366734
804635,536993,590990,34400,409334,807160,940864,75536,224934,426203
729691,112145,892263,473195,333497,838512,797106,461907,994532,724977
503201,30825,946884,954022,929176,792397,732802,551472,696531,615593
196879,435438,655652,239862,674731,769576,403021,760344,620838,93683
422074,920479,83744,775183,379408,739002,888403,619578,162105,570781
858457,229045,904789,747566,178349,669597,667404,299822,365099,583582
817382,521582,592863,372255,250723,441583,868040,327980,327811,982474
443011,721256,24355,986505,354601,59442,408905,93170,297411,711978
151453,529990,20053,711876,799883,441347,641096,898104,106696,127990
876694,296049,568747,433162,40555,347256,563192,161452,177912,266778
378287,316231,476895,643794,164898,276951,842957,505552,976702,804425
142441,972099,543110,624612,28634,646151,753711,875559,299750,166181
44743,394732,98990,539179,558297,756699,12741,241708,100166,221126
700508,911760,564205,805751,358157,658891,327212,440856,712634,437504
309844,394354,137395,698118,208881,639728,665367,368089,283671,186807
580687,608836,887234,556992,42224,206769,241228,709127,742307,984570
244129,651244,509387,462557,156890,720835,375996,21222,328086,368269
641719,115616,912737,300909,981659,174873,786457,222251,156888,466631
848152,661920,588133,756830,749241,612326,870408,341048,391321,535944
159696,564092,300187,52319,877748,609719,2386,202054,310182,590461
875394,554514,154079,99550,818243,445938,577203,1605,215371,489975
762914,963523,491995,737187,531658,924303,715422,261442,967459,202526
463643,258741,395387,544558,237144,287748,115186,810130,813415,476357
293271,678752,843652,862489,116176,497369,189841,553029,668763,409528
62520,239069,214136,221081,555371,441044,60241,38531,616934,42592
609006,923845,637597,999452,668108,528607,887049,559784,421419,375509
630471,838644,41387,283299,94694,945515,641497,532454,910090,832335
648136,999295,355227,414358,303223,163532,774250,185351,247786,618526
810797,757365,378307,42785,973005,197085,965918,389525,448832,705309
744199,852966,810282,321021,550033,447033,15561,710272,181176,692041
962274,282173,209200,746466,915643,454540,645587,994514,315930,285891
420314,859142,306676,109293,655884,278609,720796,629044,529051,193259
739146,858264,228280,687858,933018,159598,918227,977619,432915,294437
748396,965212,186108,781644,581802,773612,582749,32709,559728,235749
325905,298155,919807,791164,783417,321783,83223,367430,566447,56731
655415,992424,32907,101284,578681,1273,529186,654683,96494,125476
471565,511352,877661,437379,277099,716032,837018,458785,202649,633595
221631,776665,177448,408485,372091,933250,864178,980688,49078,398543
442940,23726,464280,788834,341438,798123,317823,79329,223598,402291
141212,833929,783230,525573,911812,798000,257899,512828,52156,429588
626067,584801,635545,137536,406290,571442,770671,820351,304678,740374
734302,160527,250267,527066,564220,390420,176836,688315,110419,833520
806810,680,145750,381604,589064,516788,344250,891231,844542,844057
488256,832876,349196,877285,14456,479596,552143,810583,87063,769067
297911,837959,22254,730355,392410,895729,100956,334838,282086,689334
322109,586766,766209,237926,184232,735588,703893,257776,850964,698080
601800,606869,626909,840659,141975,281174,781938,589537,102158,833962
786155,796606,664328,701040,521993,126862,757905,44238,73063,617276
618645,301381,213519,87530,280457,98801,17947,176278,727111,233036
360179,185954,883286,648895,586708,795640,773299,824138,33379,15822
380432,874142,122030,118571,475719,839497,130091,350133,514424,452161
811932,976738,445038,197292,526521,614001,461034,164222,537281,480283
870939,336617,482737,663530,187226,63303,908855,676764,147906,407390
123770,271682,101316,91782,658819,482169,761196,113993,125908,252408
131935,826971,552034,968375,779272,767084,959153,950973,5839,775620
598675,612144,477943,825009,363628,276393,218239,53104,669228,93640
935022,994858,997311,34727,996032,247685,619908,987608,652430,715439
304369,831533,877471,534624,580887,646728,374841,706531,947709,517095
238344,200990,7617,447606,767430,803218,817090,824472,268894,207434
563041,372784,980919,59768,766116,247385,641278,242098,154596,634986
950747,138105,585804,50355,433990,236302,658479,185042,76692,919756
305833,89853,125209,580745,249177,467799,737223,747324,519345,328791
372677,413924,957826,898265,338029,708822,766736,231292,339564,564697
550524,406730,393869,61938,470776,282258,299360,904449,499730,93086
393867,471370,778125,622809,819718,270347,653214,524505,761350,463922
387722,235954,111041,717323,656265,898741,796124,634191,795147,926849
665079,759278,324386,490480,782555,190512,885197,887432,330475,971505
636104,60079,377780,527571,817520,56463,758589,292178,453068,823151
191443,757428,195216,505897,433259,101331,106929,902423,855447,937064
721374,938974,330637,888859,414124,310012,361645,347380,98875,10078
134501,187193,10352,966774,286787,657017,540508,451136,223697,244846
619335,75038,496221,555954,884531,125344,759188,77714,3529,564752
456794,634618,622123,505374,123893,825380,406673,683066,69507,403054
235679,798719,45671,158196,746605,946241,452666,729485,605047,407169
346099,41793,877224,865089,356857,637994,967257,597339,460424,220154
947165,773101,619526,327359,96166,669561,566237,988649,985631,210608
134846,809571,665734,301806,454445,762511,607309,271434,401215,425412
415153,477944,69545,940094,638038,107041,940186,393650,144320,106950
10882,164647,393470,257830,745977,707596,44810,779440,636663,739204
324756,888531,275444,21995,461886,438366,256404,360755,991576,806638
265841,423066,59804,499016,349711,807722,942826,550764,489591,457422
286765,279918,696145,650847,953990,534878,804575,202144,749403,343089
329554,169340,284935,242152,68240,235317,782375,908747,654840,470242
252786,670303,890305,508276,144139,810605,175468,648256,609963,174165
993647,247467,993132,439227,976603,607486,318282,242013,33921,5322
991620,208601,619023,711890,476568,429029,578757,478340,922884,552457
